CellID_Index	kmeans_clusters
b'10X167_1:CTCACTGAGCCGATCC'	234
b'10X167_1:CCTGCATCATCGTGCG'	8
b'10X167_2:GAGATGGGTGACATCT'	291
b'10X167_1:CCTTTGGAGTATGGCG'	115
b'10X167_1:CTCCCAACAAACAGGC'	132
b'10X167_2:CTCAATTTCCGTCACT'	197
b'10X167_2:TGAGGGATCCTGTTGC'	202
b'10X167_2:GCTACCTGTCGCATGC'	35
b'10X167_1:TCATTGTTCGCAATGT'	42
b'10X167_1:CTGCAGGGTGCCCAGT'	275
b'10X167_2:GTGGTTATCCTGCTAC'	54
b'10X167_1:AACCACAAGTCGCGAA'	112
b'10X167_1:TGACCCTTCTCTTAAC'	260
b'10X167_1:TGGGAAGCAATTGCGT'	189
b'10X167_2:TGTAACGTCTCTATAC'	59
b'10X167_1:GTCGTTCAGCTCGGCT'	210
b'10X167_2:GTCATTTGTAAGTCAA'	149
b'10X167_2:TCAGGTACATCCTTCG'	179
b'10X167_1:TCCCATGAGCTTTGTG'	59
b'10X167_2:TCAGGTAGTAGAGACC'	219
b'10X167_1:GAGTTTGTCCCATAAG'	200
b'10X167_2:GGCTTTCAGACCATGG'	265
b'10X167_1:GGAAGTGGTATCGGTT'	189
b'10X167_2:ACTGTGATCGTTGTAG'	286
b'10X167_1:ACTTTCAAGGACTTCT'	2
b'10X167_1:ATCGTGACATTCTTCA'	5
b'10X167_2:ACTACGATCCCGAACG'	184
b'10X167_2:GGGTCACGTGCTAGCC'	240
b'10X167_2:ATCACTTAGGAGTCTG'	198
b'10X167_1:TTCCTTCCACAATCTG'	141
b'10X167_2:ACTACGAGTGTAGGAC'	259
b'10X167_1:TTTGACTTCGGACGTC'	144
b'10X167_1:GGGAGATTCGTGCACG'	272
b'10X167_1:GAATCGTAGACGCATG'	24
b'10X167_1:ATACTTCTCATGGAGG'	144
b'10X167_1:TCGTCCACAACAGCCC'	130
b'10X167_2:GGGATCCAGGGCTAAC'	23
b'10X167_2:CCTACGTAGGATTCCT'	232
b'10X167_2:CCGTAGGTCTTACTGT'	81
b'10X167_2:GTTCTATAGCTGTACT'	232
b'10X167_1:CACTAAGAGGGAGGTG'	262
b'10X167_2:TGAGGAGGTCGCCTAG'	132
b'10X167_1:GTATTTCTCATCAGTG'	234
b'10X167_1:GCAACCGCACAAATGA'	289
b'10X167_1:GATGGAGAGAACGCGT'	71
b'10X167_1:CTCCGATCACGTCTCT'	26
b'10X167_1:TTTACCACAGCATTGT'	199
b'10X167_2:TTTGACTGTGAAGCGT'	2
b'10X167_1:TGGCGTGCATTCCTCG'	240
b'10X167_1:ATTCATCCAATGCAGG'	14
b'10X167_2:TCGTAGAAGGCGTTGA'	128
b'10X167_1:ACAGAAATCAGTCCGG'	69
b'10X167_2:TAAGCACAGTAAACAC'	9
b'10X167_1:CCCTAACAGGGTACAC'	126
b'10X167_1:CGGCAGTTCCCACAGG'	203
b'10X167_1:AGCCACGAGGCCTAGA'	239
b'10X167_1:CACTGGGTCGCCAACG'	20
b'10X167_2:CTTCCTTGTGGCGCTT'	112
b'10X167_1:TGTCCACGTTTGAACC'	37
b'10X167_2:GATTCTTTCAAGGACG'	49
b'10X167_2:CATCGGGGTGACATCT'	232
b'10X167_1:CAGTTAGCATAAGATG'	293
b'10X167_1:GCAGGCTCAGCCGGTT'	131
b'10X167_2:TTATTGCGTGAATGAT'	256
b'10X167_2:GAAATGAAGTTCCTGA'	177
b'10X167_1:TATTCCAGTCTGTGAT'	98
b'10X167_1:AGGGTCCTCGATTCCC'	26
b'10X167_2:TTCTCTCAGCATTTCG'	190
b'10X167_2:ATGGATCTCTCTAGGA'	253
b'10X167_1:TGCACGGCACATTCTT'	280
b'10X167_1:CTAACTTCAGCGTACC'	118
b'10X167_1:ATCGGCGCACGACGAA'	66
b'10X167_2:AACTTCTAGTGCTCGC'	84
b'10X167_2:CTCAAGACATACAGAA'	247
b'10X167_1:TTAGGGTAGTTTCTTC'	158
b'10X167_1:ACATTTCCATGTGCTA'	112
b'10X167_2:TTGTGTTTCAACGCTA'	139
b'10X167_1:TGCTCCACACGATTCA'	89
b'10X167_1:GGTGTTATCGATAACC'	175
b'10X167_1:ACTTAGGAGCCTAACT'	248
b'10X167_2:CCGCAAGTCGGTCGGT'	132
b'10X167_1:CAGAGCCTCACTGCTC'	199
b'10X167_2:GCGGATCTCAGGACGA'	14
b'10X167_2:AGACAGGGTTGGCCTG'	253
b'10X167_1:CAGTTAGTCCGATCGG'	2
b'10X167_2:AAGTCGTAGGTTCAGG'	77
b'10X167_2:TTGCTGCCATAACCCA'	30
b'10X167_2:ACTTTCAAGGGCCTCT'	194
b'10X167_2:CACTGAAGTTGACTGT'	219
b'10X167_1:CATCCCACATGGCACC'	119
b'10X167_1:ATAGGCTTCCAAGCTA'	145
b'10X167_1:TATCTGTCAATGCAGG'	70
b'10X167_1:GGTTGTAAGCCTCTGG'	235
b'10X167_1:TTCTTGAGTTTACGAC'	77
b'10X167_1:GTTTGGATCGGAATGG'	77
b'10X167_1:ACCCTCACAGCCGTTG'	27
b'10X167_1:TGGAGAGTCAGTGTGT'	97
b'10X167_1:AATCGACTCCTACGGG'	124
b'10X167_2:TGATGGTAGACTTCGT'	78
b'10X167_1:ATACCTTGTCATCACA'	189
b'10X167_1:GTGAGTTTCGGTAAGG'	22
b'10X167_1:CCGTTCATCGCTTAAG'	25
b'10X167_2:CACAGGCGTGGTTTGT'	91
b'10X167_2:GTAACCACACGCTGAC'	45
b'10X167_2:TCCGTGTTCTCTGGTC'	3
b'10X167_2:GATCAGTCAGTTTGGT'	149
b'10X167_2:GCCAACGGTAGAGCTG'	60
b'10X167_2:GAACTGTTCCTCACGT'	253
b'10X167_2:GGTCTGGTCCATCGTC'	91
b'10X167_2:CTAGGTATCAAGGCTT'	239
b'10X167_2:GAGGCAAGTATGGAAT'	200
b'10X167_1:ATACCGACATGAGAAT'	240
b'10X167_2:GGGAGTATCATTATCC'	97
b'10X167_1:CATAAGCGTGGTTTAC'	156
b'10X167_1:GTCGCGATCTCCAATT'	3
b'10X167_1:TTACGTTTCCTCACGT'	197
b'10X167_1:ATTCCTAAGGTCCGAA'	134
b'10X167_1:TGGGCGTTCTGATGGT'	68
b'10X167_2:CAAGCTAGTGGGATTG'	216
b'10X167_1:CCTACGTGTCGCACGT'	167
b'10X167_1:TTGAACGTCAGTGTTG'	88
b'10X167_2:AACTTCTAGGCTATCT'	216
b'10X167_2:GTGAGCCAGGTGGTTG'	99
b'10X167_2:AGTAGTCTCACCTCTG'	234
b'10X167_1:CATCAAGAGAGCATTA'	207
b'10X167_1:TAACACGGTTCCGCGA'	43
b'10X167_2:GGAGCAAAGCTTACGT'	17
b'10X167_1:TCGGGTGGTGACATCT'	88
b'10X167_2:GCCCAGACATGTGACT'	121
b'10X167_1:ACCTACCTCCGAGAAG'	2
b'10X167_1:GCGTTTCAGATTTGCC'	91
b'10X167_2:GGATCTAGTGGCAACA'	153
b'10X167_2:GATCGTAAGAGAGCGG'	91
b'10X167_2:TTGAACGCAGGATCTT'	206
b'10X167_2:CATGAGTCAAGAGCTG'	189
b'10X167_1:GATAGAACATGCGGTC'	222
b'10X167_2:TTCTAGTTCAGCAATC'	176
b'10X167_2:TCAAGACCATAAGCGG'	2
b'10X167_2:ACACCAACAATTGTGC'	216
b'10X167_1:TGTTTGTGTGGGCTTC'	26
b'10X167_1:ATTCCTAGTGGCTTGC'	124
b'10X167_1:TACTTCAGTGACATCT'	59
b'10X167_2:CTTCTAAAGCTTTCTT'	148
b'10X167_2:GTTACGATCAGTCAGT'	214
b'10X167_1:CATTCATGTACAGAAT'	3
b'10X167_1:TATTCCAAGAAACCCG'	130
b'10X167_2:ACATCCCAGGTTACCT'	60
b'10X167_2:ACTGTCCAGCCTATCA'	199
b'10X167_2:GGGACAAGTTTGAAAG'	130
b'10X167_1:GATGGAGGTATGTCTG'	283
b'10X167_1:CGAGTTAAGTCAGAGC'	76
b'10X167_1:ACGATGTTCAGTCCGG'	92
b'10X167_1:ATGATCGAGGTCGTCC'	143
b'10X167_1:GCATTAGCATGCAGCC'	295
b'10X167_1:GCTACCTTCGGTAGAG'	263
b'10X167_2:CCTAACCAGTGGGAAA'	52
b'10X167_2:AGATAGATCTAGGCCG'	11
b'10X167_1:ATGGTTGGTGTCCCTT'	147
b'10X167_2:CTACCTGCAGCAGTTT'	92
b'10X167_1:TGTTACTCATGAAGGC'	240
b'10X167_1:AGGGCCTGTTGGCCGT'	51
b'10X167_1:TCAGTCCAGTGGAAGA'	138
b'10X167_1:TCATTACTCCTACCAC'	24
b'10X167_1:CTGGACGAGCACTTTG'	275
b'10X167_1:CGGGTGTCAATGTCTG'	17
b'10X167_2:GTGGAGACAGTGTGCC'	153
b'10X167_1:TTGTGGAGTGTACAGG'	44
b'10X167_2:AGGGAGTCATTGAGGG'	17
b'10X167_1:CATCGTCGTCGCGGTT'	14
b'10X167_2:AATCGACTCGGCATCG'	206
b'10X167_1:CAATCGAAGAGCAGCT'	88
b'10X167_2:CACGTGGAGAAAGCGA'	280
b'10X167_2:CCGGGTACACCTCTAC'	240
b'10X167_1:CCATAAGGTTGTCCCT'	232
b'10X167_1:TGAATGCCACCGTGAC'	59
b'10X167_1:TCGTAGAGTGTCATTG'	66
b'10X167_2:CTCATGCAGACGAAGA'	184
b'10X167_2:TACGTCCCAACCCTAA'	36
b'10X167_2:CTCCATGTCGTCTAAG'	2
b'10X167_2:TGCGACGCAAGGTTGG'	68
b'10X167_2:AGGTCTACAACATCGT'	142
b'10X167_2:CGTTAGATCGGAGTAG'	15
b'10X167_2:TCCTCCCAGGCCTAGA'	96
b'10X167_1:GAGAGGTTCGTCGGGT'	298
b'10X167_2:TCAGGGCAGTGCGACA'	27
b'10X167_2:GGGCTACTCCTGGGAC'	150
b'10X167_1:TCAATCTCAGCGCTTG'	200
b'10X167_2:CATAAGCGTTGTGGAG'	128
b'10X167_2:AAGTACCAGGTCTGGA'	197
b'10X167_2:TGTCCTGTCGGTAAGG'	150
b'10X167_2:TATCAGGCAGGAATCG'	217
b'10X167_2:TCAGTGAGTCACTTCC'	48
b'10X167_1:ATCCCTGGTCGCGTCA'	269
b'10X167_1:ATTGTTCGTAGACAGC'	76
b'10X167_1:TCTCTGGGTCAAGCCC'	215
b'10X167_1:TGTAACGTCCCGAACG'	102
b'10X167_1:ATACCTTGTGACCGTC'	216
b'10X167_2:GACCTTCCAGCTTTGA'	97
b'10X167_2:GTAGGTTAGCAAACAT'	76
b'10X167_2:CTCATCGGTGCATACT'	12
b'10X167_2:TAAGCCAGTGCTTATG'	217
b'10X167_2:GTGCTGGTCCACATAG'	68
b'10X167_2:AGATGAACAAAGCTCT'	242
b'10X167_2:AATGGAATCTATGTGG'	242
b'10X167_2:CTCTCGAGTCGTACTA'	97
b'10X167_2:AGTGCCGTCAGACCCG'	102
b'10X167_1:TCTGCCAAGTAAGAGG'	27
b'10X167_1:TTCGATTTCGACTCCT'	216
b'10X167_1:GTACAGTGTAGTTCCA'	88
b'10X167_1:CACTTCGCATGAATAG'	175
b'10X167_2:AGGCTGCGTTGTTGAC'	278
b'10X167_2:CTCAATTTCTACAGGT'	115
b'10X167_2:CGGGTCATCCCATGGG'	281
b'10X167_2:CAATACGAGATTGTGA'	52
b'10X167_2:CCACAAATCATTCGTT'	184
b'10X167_2:TTGGGATCAGTTCTAG'	41
b'10X167_2:TCGTAGAAGCCTCTGG'	234
b'10X167_1:GAAATGAGTGTGATGG'	54
b'10X167_2:CCTACGTGTTCGGACC'	53
b'10X167_1:GAAACCTGTATTTCCT'	235
b'10X167_1:GAAGAATGTCAGACTT'	247
b'10X167_1:GTTGCTCGTAGCTGCC'	126
b'10X167_1:ACTTTCAAGATTAGTG'	119
b'10X167_1:ATCACAGCACTCTAGA'	143
b'10X167_1:CACAGGCGTTCCTAAG'	104
b'10X167_1:GACACGCTCTATCGGA'	105
b'10X167_2:CTTGAGAAGCGCAATG'	107
b'10X167_2:TGATCAGCATCTCGTC'	68
b'10X167_2:CCGGTGATCGATTCCC'	37
b'10X167_2:GCAGTTACACATCATG'	285
b'10X167_2:TACCCGTAGGCTAGCA'	98
b'10X167_2:TCTACATGTCCCGTGA'	92
b'10X167_1:TCACGCTGTTGACGGA'	167
b'10X167_2:AAGCGTTTCATCACAG'	120
b'10X167_1:TGAACGTCATGCACTA'	125
b'10X167_1:GCTGGGTTCTATCGCC'	119
b'10X167_2:AGACTCAAGTAGAATC'	241
b'10X167_1:TGAGCATAGCGCCTCA'	263
b'10X167_1:GTGTGGCTCCCATTCG'	193
b'10X167_2:ATGGGTTCAATACCTG'	250
b'10X167_2:CTTTCGGCAACCAATC'	88
b'10X167_1:TTACAGGCACAAGCTT'	145
b'10X167_2:TACGGGCCAAGTTGGG'	65
b'10X167_2:GGTGTTACAACGGCCT'	8
b'10X167_1:GGGTAGACATAGGTTC'	66
b'10X167_1:CGATGGCGTTTGTGGT'	206
b'10X167_2:TCAATTCCACCAATTG'	268
b'10X167_2:GGAGAACTCTATCGGA'	170
b'10X167_2:TCGGATATCTCCCTAG'	162
b'10X167_2:TCGCTCATCTCTTGCG'	132
b'10X167_2:AAACGCTAGCTACTAC'	33
b'10X167_2:TACCCACTCTCTATGT'	17
b'10X167_2:TTTACTGAGTCATGCT'	70
b'10X167_2:AAGCGAGAGTAAACGT'	14
b'10X167_2:CGCAGGTCAACTGTGT'	175
b'10X167_1:GGAATCTCAGCGGTCT'	148
b'10X167_2:CTACATTCATTACGGT'	44
b'10X167_1:ACTGATGTCGTTATCT'	88
b'10X167_1:GCACGGTCATGAGATA'	159
b'10X167_1:TTTACCATCCAAACCA'	100
b'10X167_1:CGGGACTGTGTGCCTG'	149
b'10X167_2:CTGAATGTCGTGGGAA'	70
b'10X167_1:CGTTAGAAGCCTGTCG'	26
b'10X167_1:CACAGGCCACTAGTAC'	77
b'10X167_2:AGCCACGAGCCACTCG'	189
b'10X167_2:TGTTCCGGTGGCTACC'	267
b'10X167_2:GTAGATCTCGCTGTTC'	119
b'10X167_1:TACTTACCAAATGGCG'	68
b'10X167_2:TGATCTTAGGAAGAAC'	7
b'10X167_1:CTCTGGTAGTCCGCCA'	115
b'10X167_1:GAAGGACCAACAAGAT'	3
b'10X167_2:ACAAGCTGTGGACCAA'	244
b'10X167_2:CTTGAGAGTTGCATCA'	68
b'10X167_1:GATCATGCATGGTGGA'	133
b'10X167_1:AATGAAGGTCAAGCCC'	24
b'10X167_2:GGGTTTAAGCGTATAA'	66
b'10X167_1:AGTCACAAGGTAAGAG'	124
b'10X167_2:ACGTAGTCAAGTAGTA'	81
b'10X167_2:CTGATCCTCTGGCCTT'	243
b'10X167_1:ATTCTACAGTCATAGA'	164
b'10X167_2:GGCAGTCCATTGACCA'	119
b'10X167_1:TGATCAGGTCGTTTCC'	132
b'10X167_1:TCCTCGAAGGAACTAT'	255
b'10X167_1:AATGGAACATTACGGT'	252
b'10X167_1:GTGATGTTCTCTATAC'	132
b'10X167_1:CTGTACCAGTAGACCG'	96
b'10X167_1:CCACGTTTCAACGTGT'	242
b'10X167_2:CTATCTAGTAGGTGCA'	119
b'10X167_1:AGAGCCCAGGTAGTAT'	78
b'10X167_1:CTGCCATGTCGCCTAG'	92
b'10X167_1:GGGTGAACAGCTACAT'	135
b'10X167_1:GAGTCTAGTCTTCTAT'	27
b'10X167_1:GCACGTGGTATGTGTC'	138
b'10X167_1:CTGCCATCAGCAGTGA'	68
b'10X167_2:GTGAGGATCGGCACTG'	120
b'10X167_1:GGGAGTAGTATTCCTT'	124
b'10X167_1:TTGATGGCAACCGCTG'	192
b'10X167_2:GAGTGTTAGGTGTGAC'	236
b'10X167_2:TCTACCGAGACGCTCC'	8
b'10X167_2:GTTGTCCAGGTACTGG'	42
b'10X167_1:AATAGAGAGTAGGATT'	189
b'10X167_2:CCTTTGGTCGTAACAC'	96
b'10X167_1:TACTTCATCACTTCTA'	149
b'10X167_1:TACTTACGTACACGCC'	64
b'10X167_2:CATGCAATCGTTCCCA'	94
b'10X167_2:GGACGTCTCCTACTGC'	111
b'10X167_2:ATCGGCGGTCCTGGTG'	11
b'10X167_2:AGTCATGCATACTGAC'	104
b'10X167_1:TTCTAACCACGGTGAA'	189
b'10X167_1:AACAGGGTCTCACGAA'	124
b'10X167_2:GTGGCGTAGTCTGGAG'	190
b'10X167_1:CATTCTAGTCTACATG'	259
b'10X167_1:CATTCCGTCGCTTAAG'	217
b'10X167_1:AGAGAATAGGGATGTC'	66
b'10X167_2:AATCACGCATTCGGGC'	160
b'10X167_2:TTGGGCGGTCGATTCA'	2
b'10X167_2:CTTGAGAGTGGAATGC'	1
b'10X167_1:TCATATCGTATCGGTT'	27
b'10X167_2:CGCATAATCTTGAACG'	160
b'10X167_2:AACCCAAGTCGTTTCC'	240
b'10X167_1:TCATCCGAGTGCTAGG'	106
b'10X167_2:ACCACAAGTTAACAGA'	295
b'10X167_1:ATCCCTGTCCTGTAGA'	8
b'10X167_2:GTCATTTTCTCATTAC'	56
b'10X167_1:GTACAACAGCCTCCAG'	66
b'10X167_2:TTCCGTGCACTTGTGA'	69
b'10X167_2:AGAAATGGTAGGACCA'	10
b'10X167_1:CATACAGAGCAACAAT'	105
b'10X167_1:ATCCCTGGTATGAAGT'	17
b'10X167_1:GGTGGCTTCAGAGCAG'	33
b'10X167_2:GCCCAGAAGAATTGTG'	130
b'10X167_1:AGGACTTGTGCAATAA'	222
b'10X167_1:AGTTCGAGTGAATGTA'	232
b'10X167_2:TTAGGCACATGGTGGA'	101
b'10X167_2:CATGCTCGTGGTCTCG'	48
b'10X167_2:TGACCCTCATCCGTTC'	17
b'10X167_2:GTCATCCAGCGCCTAC'	10
b'10X167_1:CTCCAACTCCGTTGGG'	144
b'10X167_2:TTGGGTAAGAGGTATT'	232
b'10X167_2:ATCCACCGTAATCAGA'	47
b'10X167_1:TTTCCTCGTGTCGCTG'	12
b'10X167_2:CTAAGTGTCATACGGT'	120
b'10X167_1:TAGTGCACAATGGGTG'	291
b'10X167_2:TTACTGTTCGTCGATA'	132
b'10X167_2:TCGGGTGGTCCGGATC'	8
b'10X167_1:ACTTTGTTCGCCAATA'	22
b'10X167_2:TACTTCAAGCTGCCTG'	78
b'10X167_2:TCCCATGTCGAGGCAA'	35
b'10X167_2:AATTCCTCACGCTGAC'	252
b'10X167_2:GAAGAATAGAGAGCGG'	92
b'10X167_1:TGCAGGCGTTCCGCTT'	95
b'10X167_2:ATGAAAGTCATGTCTT'	126
b'10X167_2:GATCACATCATAGAGA'	232
b'10X167_2:TTTCGATCAGGCGTTC'	35
b'10X167_1:CTGTATTTCAACACCA'	70
b'10X167_1:AAATGGAGTTGGTACT'	83
b'10X167_1:GCCATTCAGAATCCCT'	216
b'10X167_2:TTTGACTTCTTAGCTT'	143
b'10X167_1:GCATCGGCAGAGAGGG'	151
b'10X167_2:CGTCCATCACGACGTC'	15
b'10X167_1:AGACAGGCAGCATTGT'	8
b'10X167_1:AATCGTGGTAGCTGTT'	105
b'10X167_2:ACAACCAAGTACAGCG'	130
b'10X167_1:TTTACGTGTTTGCCGG'	32
b'10X167_2:GATCACAGTTAGTCGT'	11
b'10X167_2:TCAGGTACAAGTATAG'	17
b'10X167_1:AGCCAGCGTCGATTCA'	163
b'10X167_2:GGCTGTGAGCTCATAC'	189
b'10X167_1:CTGTGAAAGATCCAAA'	150
b'10X167_1:CATCAAGCATTCGATG'	168
b'10X167_1:ACAAAGAAGGCTTCCG'	127
b'10X167_2:TCAGGGCGTCTAACTG'	201
b'10X167_2:CCGGACACACTTTATC'	116
b'10X167_1:CGGAGAACAACACAAA'	180
b'10X167_1:CGGGTGTGTAACCCTA'	241
b'10X167_2:GGCAGTCCACCTGTCT'	134
b'10X167_2:GTATTGGTCCAACCAA'	245
b'10X167_2:AGGGAGTCATCGCTCT'	75
b'10X167_2:TCATGGAAGTGGCAGT'	2
b'10X167_1:GTTGTCCGTCAGACTT'	280
b'10X167_2:ACCATTTGTCACAGAG'	126
b'10X167_2:ATCTCTACACACACGC'	209
b'10X167_2:GAGTGAGAGTAGATCA'	168
b'10X167_2:AGGGTCCAGCTCCATA'	187
b'10X167_1:TTTCCTCAGATAACAC'	37
b'10X167_2:CCCTAACGTTCTAAGC'	2
b'10X167_1:TGAGGTTGTAGCCCTG'	130
b'10X167_2:ACAGGGACAGAGTCAG'	229
b'10X167_2:CTGCCTATCACTACTT'	3
b'10X167_1:GTCAAACGTTGGGTTT'	187
b'10X167_2:AAGCCATCAGCGTATT'	258
b'10X167_2:GAGTCATAGCCACAAG'	119
b'10X167_2:TGTGTGATCTTTGATC'	244
b'10X167_2:TGTGCGGTCGCCCAGA'	23
b'10X167_2:TATTCCACACTTCCTG'	209
b'10X167_1:TCGCTTGGTCTTCTAT'	96
b'10X167_1:GCTTCACCAAATCGTC'	128
b'10X167_2:GATTCTTGTGTTGATC'	12
b'10X167_2:TGCTCGTGTCAAGCGA'	17
b'10X167_2:AGCATCACACGCTATA'	240
b'10X167_1:GAGCTGCTCCTTTGAT'	282
b'10X167_2:GTAATGCGTGAACGGT'	2
b'10X167_2:CATGCGGCAAGTGGCA'	59
b'10X167_2:TGAATCGCAAGACGGT'	220
b'10X167_2:CGTCAAACACAGCATT'	106
b'10X167_1:AACAGGGTCCTATTTG'	199
b'10X167_2:TGAGGAGGTAATGATG'	27
b'10X167_2:CACGGGTGTCTTGGTA'	54
b'10X167_1:ACAAAGACATGGCCAC'	37
b'10X167_2:TACCCACAGCACTCAT'	29
b'10X167_2:GCCAACGAGGGCAGTT'	231
b'10X167_1:CACGAATGTGGCACTC'	274
b'10X167_1:TCTGCCACACGGTGAA'	149
b'10X167_1:TAGGTTGTCAGCCTCT'	17
b'10X167_1:AGGGTTTCACCAGGTC'	138
b'10X167_1:CTAGACACATCTCATT'	160
b'10X167_1:ATGAAAGAGGCGCTTC'	75
b'10X167_2:ACCCTCATCCGCTTAC'	297
b'10X167_2:AACGAAATCTGCGAGC'	258
b'10X167_1:TCTGCCAAGTCAATCC'	237
b'10X167_2:CTAGGTAGTCCTGTCT'	102
b'10X167_1:CTACGGGCATGTGACT'	241
b'10X167_1:GACTCAACACACACGC'	142
b'10X167_1:ATCACGACACCTGCGA'	160
b'10X167_1:GGCTGTGTCCACCCTA'	31
b'10X167_1:CAACCTCAGAGCAACC'	41
b'10X167_2:GAAATGACACCACATA'	78
b'10X167_2:ACGTAACGTTAGTCGT'	213
b'10X167_1:CACAGATTCAAACCTG'	54
b'10X167_2:ATGCCTCAGTGCACAG'	180
b'10X167_2:GTCTAGATCAAACCCA'	17
b'10X167_2:ATTTCTGAGCACTGGA'	153
b'10X167_2:GTTGCTCTCTGAGCAT'	150
b'10X167_1:TATTTCGAGGTCATAA'	162
b'10X167_1:ATGGAGGTCAACACCA'	124
b'10X167_2:CTCCAACCAACACAAA'	149
b'10X167_1:TCATGCCTCTGCTTAT'	75
b'10X167_2:TCCAGAAGTCACCACG'	252
b'10X167_1:TCAGCCTAGCTCGTGC'	109
b'10X167_1:AGACACTAGTTAACAG'	224
b'10X167_2:GTGATGTAGTCTAACC'	18
b'10X167_1:CACACAATCTCAGAAC'	232
b'10X167_1:GAAGCCCTCTTCACAT'	30
b'10X167_1:GTTGAACCATGGAATA'	200
b'10X167_2:CCTCCTCCACGGTGCT'	138
b'10X167_2:TTCGCTGTCGCGGTAC'	131
b'10X167_1:GAAGGGTTCGTAACTG'	234
b'10X167_2:CTAACTTAGATGGGCT'	127
b'10X167_1:AGAGCAGAGCCTGTCG'	164
b'10X167_1:CCACACTAGTTGAAGT'	291
b'10X167_2:ACGTAGTTCACTAGCA'	284
b'10X167_1:AAGGTAACACGGATCC'	37
b'10X167_2:AGCGTATGTGTTCATG'	252
b'10X167_2:GAGTTGTCAAACTAGA'	17
b'10X167_2:CATGCTCAGCATAGGC'	70
b'10X167_1:TGAGTCATCGAGCCAC'	129
b'10X167_1:GGGAGTAAGCATGCGA'	76
b'10X167_1:CGGTCAGCATCTAACG'	49
b'10X167_2:CACACAAAGTGGTTGG'	143
b'10X167_2:GCGGATCCACCTGAAT'	66
b'10X167_1:ACGTCCTTCTGTCAGA'	247
b'10X167_1:GAAGCGATCAAGAGGC'	196
b'10X167_2:GCCTGTTGTGATTCTG'	12
b'10X167_1:CCCGGAAGTCAGGCAA'	172
b'10X167_1:GTTGCGGCAGTGCCTG'	150
b'10X167_2:CCGTGAGTCCCTAGGG'	119
b'10X167_2:TACCGGGGTGCCCGTA'	86
b'10X167_2:CTCTCGACAAGTATCC'	217
b'10X167_2:TACCGGGTCGTGGGTC'	132
b'10X167_2:TCTTGCGAGGTGATCG'	237
b'10X167_1:AGAGCAGTCAGGACAG'	119
b'10X167_1:CACGAATCAACCAATC'	166
b'10X167_1:CGATCGGCAAAGAGTT'	17
b'10X167_2:TCCTAATCAAAGGCGT'	189
b'10X167_2:CGCCATTCAAACTAAG'	201
b'10X167_1:GCTGCAGTCGTTACCC'	57
b'10X167_1:AGACAGGTCGCGTAGC'	78
b'10X167_1:TGGAACTTCCTATTGT'	26
b'10X167_2:TACCCACTCCGAAGGA'	44
b'10X167_2:TCAAGCATCATGCCCT'	87
b'10X167_2:CGTCAAATCAACTGAC'	63
b'10X167_2:AACGAAAAGATGCAGC'	64
b'10X167_1:GCAACATTCCGAACGC'	159
b'10X167_1:GTGGCGTCACAGAGAC'	220
b'10X167_2:AGGTCATTCGCCCAGA'	8
b'10X167_1:GTGGCGTGTGTAGCAG'	100
b'10X167_2:GCGGAAAGTAATGCGG'	22
b'10X167_1:TACATTCTCCTACGGG'	145
b'10X167_1:CTGCAGGTCGGCTGGT'	108
b'10X167_1:ACGGAAGTCTATACTC'	193
b'10X167_1:TGCAGGCTCTCGTCAC'	34
b'10X167_2:TTCGATTTCCGAAATC'	124
b'10X167_1:CACCAAATCGGCTATA'	70
b'10X167_1:GGCACGTTCTCCCATG'	209
b'10X167_1:TCGACGGAGCTGGAGT'	97
b'10X167_2:GTGAGCCCAGTACTAC'	97
b'10X167_2:GAGGGTAGTATAATGG'	293
b'10X167_1:GAGTTTGCAGTTTGGT'	171
b'10X167_1:CAGCCAGCACTTGACA'	97
b'10X167_1:TGCTTGCCAGATACCT'	251
b'10X167_1:GGAATGGTCTTTGCGC'	160
b'10X167_2:TATTGGGGTTGGGAAC'	295
b'10X167_1:CTCATGCCATAACAGA'	207
b'10X167_1:AGACAAAAGCCTGAGA'	189
b'10X167_2:GGAGGTACAAAGCAAT'	231
b'10X167_2:TATCGCCCAACCACGC'	168
b'10X167_2:TTACCATCAGAACTAA'	104
b'10X167_2:TGCCGAGGTCCTGGGT'	145
b'10X167_2:CTTGAGACACTGCGTG'	3
b'10X167_1:AGACAAAGTCCGGATC'	126
b'10X167_1:GTCTACCGTCGAATTC'	217
b'10X167_2:TGAATGCGTTCTCGTC'	3
b'10X167_1:TTTACTGCAATCGTCA'	153
b'10X167_2:CAATACGCAAGTTGGG'	247
b'10X167_1:AGAAGCGGTTGTACGT'	19
b'10X167_2:CTGGCAGCAGCTATTG'	205
b'10X167_2:GGGTCTGCAGTCGCAC'	96
b'10X167_2:GTCGTAATCAAGCCGC'	201
b'10X167_1:GTCCACTAGGCACAAC'	124
b'10X167_1:AACGTCAGTCCTACGG'	143
b'10X167_1:AACCCAAAGCATCAGG'	189
b'10X167_1:TACCTGCAGAGTGAAG'	155
b'10X167_2:GATGCTAAGTGTTGAA'	97
b'10X167_2:GCCCGAACAGTAGATA'	41
b'10X167_2:TTACCGCTCATCTACT'	108
b'10X167_1:CTACTATTCGCCGATG'	259
b'10X167_2:CACACAATCGCTCATC'	119
b'10X167_1:CATCGGGCAAGGTCGA'	266
b'10X167_2:TTCAATCCAAAGACTA'	138
b'10X167_2:AACCATGAGACTGGGT'	58
b'10X167_1:CATGGTACAACAGTGG'	36
b'10X167_2:CAGCAATAGCTCCATA'	3
b'10X167_1:ATCTTCACATCGTTCC'	13
b'10X167_1:TAACGACCAACGACTT'	99
b'10X167_1:TCCTCGACATGTACGT'	188
b'10X167_2:CTGGACGAGGTTGCCC'	92
b'10X167_1:ACAGGGATCCGGACGT'	240
b'10X167_2:TAGATCGCAATAGGGC'	238
b'10X167_1:AGTCAACTCTCTATGT'	132
b'10X167_2:CATAGACCAACGCATT'	292
b'10X167_2:ATTACCTTCAGGTAAA'	258
b'10X167_2:TTCACCGTCATTGCGA'	194
b'10X167_1:CCTATCGGTTACCTGA'	180
b'10X167_1:AACGAAACAAGCTGTT'	202
b'10X167_2:TGGGAAGAGGTGCCAA'	22
b'10X167_1:TATCTTGTCAGACCTA'	90
b'10X167_1:TGAGGGAAGCAATAGT'	189
b'10X167_2:TGCAGGCAGGAAGTGA'	8
b'10X167_1:AGGAAATGTTTGCAGT'	189
b'10X167_1:AAACGCTTCGCCTCTA'	240
b'10X167_2:AGTCACACAAGCCATT'	77
b'10X167_1:CACTGTCTCCTCTTTC'	116
b'10X167_1:TTCAGGAGTGATGGCA'	287
b'10X167_1:TCGGGTGAGTGATAAC'	120
b'10X167_2:CCACAAATCTCACCCA'	124
b'10X167_2:GCTCAAAAGACGAAGA'	23
b'10X167_1:TTCTAACTCTTTCCAA'	216
b'10X167_2:AGGGTTTGTATAGCTC'	276
b'10X167_1:TCGCTTGTCTGGTGCG'	96
b'10X167_2:ATTCCCGAGATTGCGG'	169
b'10X167_2:GGGCGTTGTTCGGTCG'	66
b'10X167_2:TCAGTTTAGGTCGACA'	225
b'10X167_1:CAGATTGCAACTCGTA'	145
b'10X167_1:CCTCCAACAGTCTTCC'	144
b'10X167_2:ACTATGGAGCTTCATG'	160
b'10X167_2:CTGAATGCAGGCACAA'	217
b'10X167_2:CTGCCTAAGCTTAAGA'	155
b'10X167_2:CTCCAACGTTGTACGT'	17
b'10X167_2:GAATAGAGTAGGTACG'	263
b'10X167_2:TTCCTAAGTCAAGGCA'	160
b'10X167_2:CAGGTATAGATGACAT'	96
b'10X167_1:TTGGGCGAGTAGATCA'	108
b'10X167_2:GTTACAGGTACCGGCT'	153
b'10X167_2:GGGTAGAAGCAGAAAG'	89
b'10X167_2:CTGTGAATCACGATCA'	259
b'10X167_2:TTTCAGTCAAGGCTTT'	215
b'10X167_2:CATGAGTTCAACCTTT'	77
b'10X167_1:CAACCTCAGATTAGAC'	97
b'10X167_1:CTTGAGAGTACCACGC'	128
b'10X167_2:AAGCGTTGTTCAAGGG'	17
b'10X167_2:TGTCCACAGCTAGATA'	228
b'10X167_1:TTCGCTGGTAGTTAGA'	82
b'10X167_1:ACCAAACAGTCCGTCG'	35
b'10X167_1:TCCCAGTTCCGAGAAG'	75
b'10X167_1:TAACACGCACCTGCGA'	149
b'10X167_1:GGTGTCGAGGTCACAG'	22
b'10X167_1:TGGTAGTGTAGCTTGT'	77
b'10X167_2:GTTCGCTGTGTGTGGA'	130
b'10X167_1:TGGTGATGTTATCTGG'	22
b'10X167_1:TTCATGTGTCCTACGG'	128
b'10X167_1:TGGTACACACTAACCA'	199
b'10X167_1:GTCAAACCAAGCGAAC'	181
b'10X167_2:TTCGGTCCAATCGCAT'	98
b'10X167_1:CATTGCCAGATCCAAA'	112
b'10X167_1:TGTGGCGGTGCTTATG'	65
b'10X167_1:GGAGGATCATAACAGA'	35
b'10X167_1:TACCCGTGTGCCCAGT'	235
b'10X167_2:GGGCTCATCGTGGACC'	76
b'10X167_2:GTAACACTCCAACCGG'	288
b'10X167_2:TTCTAACAGTAAGACT'	289
b'10X167_2:ATTACCTGTTATGTCG'	106
b'10X167_2:TTGATGGAGGCTCTAT'	280
b'10X167_1:TCACTATCAGCACCCA'	159
b'10X167_1:ACAAGCTGTATTCCTT'	9
b'10X167_2:TAATTCCCACTTCAAG'	160
b'10X167_2:TCTCCGATCGAGAAAT'	27
b'10X167_2:TTGGTTTAGGTCCCTG'	153
b'10X167_1:TTGTGGACACGCTTAA'	201
b'10X167_2:TAACACGAGGCATCAG'	200
b'10X167_2:ACGGTTAGTACTCCCT'	54
b'10X167_1:AAGTTCGAGTTACGAA'	150
b'10X167_2:GGGATCCAGCGGGTTA'	22
b'10X167_1:GGGACAACAAGCGGAT'	48
b'10X167_2:TATCCTATCAAAGGAT'	258
b'10X167_2:GCCAGGTAGTGAATAC'	216
b'10X167_2:ATGTCTTAGAATCGCG'	184
b'10X167_2:ACACGCGGTTGTTGTG'	124
b'10X167_2:CAAGAGGCAACTGCTA'	54
b'10X167_1:GGGTTATTCAAGAGGC'	9
b'10X167_1:TGTTCATTCCGGCAGT'	92
b'10X167_2:GTAGAGGAGGTTCTAC'	106
b'10X167_1:TCTTTGAAGGGTACAC'	69
b'10X167_1:GTCGTAATCCAAGGGA'	115
b'10X167_2:TTGTTTGTCCTAAACG'	275
b'10X167_1:CATACCCGTCCAGCGT'	71
b'10X167_1:GATTCGATCCTACACC'	83
b'10X167_1:AGGAATACAAGAGGCT'	232
b'10X167_2:CCTCCTCTCGCTCTCA'	132
b'10X167_2:CAAGCTAGTGGTTTAC'	132
b'10X167_1:GTGGGAAAGATGACCG'	224
b'10X167_2:CATTCTAGTCATATGC'	248
b'10X167_2:TGCATCCAGGGAGTTC'	258
b'10X167_2:CACTGAAAGACTCAAA'	262
b'10X167_1:AGTGACTGTATCGTAC'	28
b'10X167_2:GTCAGCGGTTGCGTAT'	66
b'10X167_1:TATTTCGGTGGAGAAA'	18
b'10X167_1:ACCCTTGGTGGAACAC'	115
b'10X167_1:TTGAGTGCATTAGGCT'	14
b'10X167_2:AGCCAGCGTATAATGG'	268
b'10X167_2:CCACGAGCACATATCG'	93
b'10X167_1:TAGTGCAAGGACGCTA'	12
b'10X167_2:GTGCTTCGTTCGGCCA'	9
b'10X167_1:TCAGCAATCGGTTCAA'	124
b'10X167_1:GGTCTGGTCCGTAGGC'	201
b'10X167_2:CAGCGTGTCGTGGCGT'	71
b'10X167_2:GTAGATCTCGTTCTGC'	213
b'10X167_2:AGGACGACAAATGGAT'	17
b'10X167_1:AGGGCTCAGCTAAGTA'	168
b'10X167_2:TGGAACTAGCGACTAG'	39
b'10X167_1:ACTACGATCAGGAAGC'	124
b'10X167_1:CATTGTTTCCCATGGG'	138
b'10X167_1:GGTCTGGCAAGGTCAG'	78
b'10X167_1:GCGATCGCAATCTAGC'	92
b'10X167_1:TTGTGTTGTCTGTGGC'	55
b'10X167_1:CTGAGGCCAGTAGTGG'	179
b'10X167_2:TCCAGAACATCATTGG'	68
b'10X167_2:CAGATCACATACTGAC'	232
b'10X167_1:ATCACGAGTAGGACCA'	189
b'10X167_2:AGGGCCTTCAGCCTCT'	152
b'10X167_2:AGTTAGCGTTGTAAAG'	183
b'10X167_2:AGGGTTTAGACGCTCC'	235
b'10X167_2:TCAGTCCAGCAGCCCT'	143
b'10X167_1:TAGATCGCAGATCCTA'	200
b'10X167_2:CTTTCGGTCCCTGTTG'	18
b'10X167_2:TTATTGCAGATCCTAC'	217
b'10X167_2:TGTGTGACACTCCTTG'	217
b'10X167_1:TCTCACGAGGAACGTC'	79
b'10X167_2:TACCCACAGCTGCCTG'	27
b'10X167_1:CGATGCGCACATTCGA'	296
b'10X167_2:CGTGAATTCGGCGATC'	296
b'10X167_1:TCGAAGTAGTAGCATA'	124
b'10X167_1:TCAAGTGCACAAATAG'	26
b'10X167_2:CTCGAGGCAGACAATA'	237
b'10X167_2:TGATGGTTCATTCCTA'	88
b'10X167_2:CGGGCATTCGATTGGT'	259
b'10X167_2:TCATGGAGTATGGAAT'	217
b'10X167_1:AATAGAGAGACAAGCC'	217
b'10X167_2:TTTAGTCTCTATTGTC'	105
b'10X167_2:TACGGTATCTCCGAGG'	113
b'10X167_2:AGTTCCCTCCGTGGGT'	252
b'10X167_2:GAACTGTGTATCTTCT'	23
b'10X167_2:CGTGCTTTCATTTACC'	75
b'10X167_2:TCAGGGCGTTACCCTC'	72
b'10X167_2:ACTGATGTCTGCGTCT'	247
b'10X167_2:GCGGATCCAAGTGCTT'	96
b'10X167_2:TGGGCTGGTATCGAGG'	77
b'10X167_1:TCAGTGACATTGGCAT'	294
b'10X167_2:ATCGATGGTTCCTACC'	163
b'10X167_2:CGAGGAAAGAAGCGAA'	140
b'10X167_1:ACGATGTCAGCGCTTG'	56
b'10X167_1:AGAAGTACATCGGAAG'	27
b'10X167_1:CGAGGCTTCGAGTGAG'	2
b'10X167_2:GTCGAATAGCAGTAAT'	295
b'10X167_2:GTACAACCACGCGGTT'	280
b'10X167_1:AGTGATCTCTGAGCAT'	153
b'10X167_1:GGTAGAGTCCACACCT'	22
b'10X167_1:AGGAAATTCGCAACAT'	12
b'10X167_2:AATTCCTAGCCTCAGC'	237
b'10X167_2:ATTCCATCATCGTCCT'	75
b'10X167_2:TCGTAGAAGTCGCTAT'	2
b'10X167_1:CCCTTAGCACTATCCC'	153
b'10X167_1:CAACCTCTCTCTCGAC'	70
b'10X167_2:CGAAGTTCAATCCTAG'	22
b'10X167_2:TCATCATCAAATAAGC'	299
b'10X167_1:TACTTACCACAGAAGC'	143
b'10X167_1:GTTTACTCACATACTG'	70
b'10X167_2:CCTCTAGAGCGCCATC'	22
b'10X167_1:CTCATGCAGAGGACTC'	33
b'10X167_1:ACCGTTCCAACCGGAA'	27
b'10X167_1:CCTAAGAAGATCGACG'	27
b'10X167_1:GCGGAAACATGGCCAC'	149
b'10X167_1:GGTGATTCAAGGTCGA'	17
b'10X167_1:CCAAGCGCACCGGAAA'	131
b'10X167_1:GGAGCAAAGACGGATC'	261
b'10X167_2:GACACGCTCGTGGTAT'	168
b'10X167_1:AGTCACAAGCATGCGA'	157
b'10X167_1:GCTTTCGGTAGTCCTA'	35
b'10X167_2:CTTACCGCATGTTCAG'	202
b'10X167_1:CAACGGCGTAACTTCG'	124
b'10X167_2:ACTCCCATCAGACTGT'	216
b'10X167_2:TTGGGTAGTGACCGTC'	0
b'10X167_2:CTGCCATGTCCTTGTC'	175
b'10X167_2:TCCATCGAGATTCGCT'	12
b'10X167_1:CATGGTATCCGTATAG'	64
b'10X167_2:ATACCGACAAAGAACT'	69
b'10X167_1:GGCTTTCAGACAGTCG'	112
b'10X167_2:TTTCCTCGTCCAACGC'	35
b'10X167_1:GAGGGATAGTCTCGTA'	289
b'10X167_2:TGTTGGAAGATGAATC'	25
b'10X167_1:CTACCCAAGCCATATC'	253
b'10X167_2:CTGAATGGTTACACTG'	200
b'10X167_1:GTTCATTTCGTCCATC'	291
b'10X167_2:TAACTTCTCTTGGGCG'	167
b'10X167_2:AAGATAGCACTACTTT'	281
b'10X167_2:CACTTCGGTGTGTCCG'	126
b'10X167_1:CTCGAGGAGAGGTTAT'	68
b'10X167_2:ACAGGGACAGGTCCGT'	23
b'10X167_2:CGTGCTTCACACTTAG'	197
b'10X167_2:CCTCCAACAGCGATTT'	206
b'10X167_1:ATTCCATTCCCAGCGA'	124
b'10X167_2:GTGCACGAGGAGAATG'	130
b'10X167_2:AATCACGCACACAGCC'	158
b'10X167_1:TGTCAGAGTTACTCAG'	78
b'10X167_1:TGGCGTGAGAGTGAAG'	113
b'10X167_1:GGGAGTATCGGATACT'	35
b'10X167_1:TCGTCCAGTGGCACTC'	91
b'10X167_1:GTCTCACTCCGTGTGG'	105
b'10X167_2:ATTCACTTCGTACACA'	35
b'10X167_2:GGGCGTTCATCAGCTA'	132
b'10X167_1:GAATCGTCATTCTGTT'	200
b'10X167_2:AGAGAGCGTTCCTAGA'	35
b'10X167_1:ACCCTCAGTGCAACAG'	36
b'10X167_1:GTGCGTGTCCGTGACG'	221
b'10X167_2:TTTCATGCAACAACAA'	199
b'10X167_1:CGAGAAGGTGGTCAAG'	96
b'10X167_2:AGATCGTTCACCGGGT'	70
b'10X167_2:TCCTTCTCACATATCG'	241
b'10X167_1:GAGATGGTCCGGTTCT'	199
b'10X167_2:ATGTCTTCATAATCCG'	189
b'10X167_1:GATTCGATCTCGCTCA'	295
b'10X167_2:AGACCATGTGCCTTCT'	145
b'10X167_2:TACTTACCACGTCGTG'	2
b'10X167_1:ATTCATCAGCCGTAAG'	273
b'10X167_2:GTCACGGAGTGACCTT'	12
b'10X167_1:TTCGGTCGTGGGTCAA'	289
b'10X167_2:AGTTAGCCAGATCACT'	295
b'10X167_2:GAGTCATTCCACTGAA'	50
b'10X167_2:TCTTTGACAGCTGAGA'	98
b'10X167_1:GTGTGGCTCCGGACGT'	146
b'10X167_1:TCGTGCTCATGGAAGC'	64
b'10X167_2:AGGACGATCACAAGAA'	84
b'10X167_1:GTCTTTAGTAAGACCG'	42
b'10X167_2:GTGACGCGTGCTCTCT'	0
b'10X167_2:CTGAATGGTGACCTGC'	138
b'10X167_2:CTTCGGTTCGAGGCAA'	131
b'10X167_1:GTAGCTAAGTCTCTGA'	83
b'10X167_2:ACTCTCGCACACCGAC'	26
b'10X167_1:ATGAGTCGTCACGCTG'	235
b'10X167_2:TGGATCAAGGTGCAGT'	240
b'10X167_2:TTGATGGTCCGCATAA'	96
b'10X167_1:CGACAGCAGCGCCTAC'	138
b'10X167_2:CTACAGACAAGTACCT'	259
b'10X167_2:ACGGTCGCAAACTCGT'	22
b'10X167_2:ATTCAGGCAATAGGAT'	78
b'10X167_1:AAGTTCGGTGTCTCCT'	88
b'10X167_2:CCACTTGCATCTGTTT'	20
b'10X167_2:TTTAGTCAGGTGGTTG'	232
b'10X167_2:TCAGCCTCAATGGCAG'	222
b'10X167_2:CTGGACGAGGCCCAAA'	14
b'10X167_1:TACTTACAGACACACG'	222
b'10X167_1:CACTTCGAGCACAAAT'	153
b'10X167_2:TGTAAGCGTGTCTCCT'	143
b'10X167_1:AGCGATTAGGTGCAGT'	15
b'10X167_1:CCCTCTCTCTAAGAAG'	18
b'10X167_2:TGGTGATCACTCCTTG'	83
b'10X167_2:ACGTAACAGGCACGAT'	1
b'10X167_1:AGAGCAGGTGAAGCTG'	180
b'10X167_1:GTGCTGGCAGCTGTAT'	199
b'10X167_1:AGTAGCTAGCGGCTCT'	100
b'10X167_2:CACGAATAGGTGCTTT'	71
b'10X167_1:GCAGTTAGTGCTAGCC'	68
b'10X167_1:TACTTGTAGCGCCTCA'	77
b'10X167_2:GCTCAAAGTTACGCCG'	138
b'10X167_2:GCATGATTCCATTTAC'	201
b'10X167_2:GAAGGACAGGCCACCT'	153
b'10X167_2:TAACGACTCGTCCATC'	112
b'10X167_1:ATTCACTCAAGTTCGT'	27
b'10X167_1:TGTTCTACACCCTTGT'	17
b'10X167_1:ATGAGGGTCTCAAAGC'	168
b'10X167_2:GCCATGGAGCGACTAG'	228
b'10X167_2:TTTGGTTCAGAGGCTA'	69
b'10X167_2:TCAAGCACAAATAAGC'	201
b'10X167_1:GAGTCATCACGCGTGT'	96
b'10X167_1:GAAGCCCAGGCCATAG'	80
b'10X167_1:TAGAGTCTCCGTGGTG'	76
b'10X167_2:TGTTGAGAGACCTCAT'	284
b'10X167_2:CTGCGAGGTTCAAGTC'	174
b'10X167_2:GATCGTAGTCACTTAG'	194
b'10X167_1:ACAAAGACAATTGCCA'	119
b'10X167_1:CCTCAGTTCCTACCAC'	134
b'10X167_1:ATCCTATAGCACACCC'	70
b'10X167_2:TCGACGGTCATGGCCG'	161
b'10X167_1:TCTGTCGCAGTAACAA'	168
b'10X167_1:GGGAGTAAGAATCGAT'	98
b'10X167_1:TCATGGATCTCTGCCA'	165
b'10X167_1:ACACCAACAGGAGACT'	277
b'10X167_1:GTTGAACGTTGGACCC'	112
b'10X167_2:TCCTAATCATGGAAGC'	88
b'10X167_2:TGATCTTCACGGCCAT'	40
b'10X167_1:CTGCCATGTGTCATGT'	247
b'10X167_2:GATGCTATCCTACCGT'	227
b'10X167_1:CACGAATAGAAGCCAC'	92
b'10X167_1:TCGACCTTCTACCTTA'	141
b'10X167_2:CCTTGTGTCGCCTAGG'	23
b'10X167_1:GAGCCTGAGAATCGTA'	189
b'10X167_2:GACTATGCAGGGTTGA'	72
b'10X167_1:AGCTTCCTCATTGTTC'	189
b'10X167_1:TCGTAGACAGACCCGT'	4
b'10X167_2:TTCTGTAAGCCTCGTG'	164
b'10X167_1:CATTTCAAGTAGTCTC'	22
b'10X167_2:CGTAAGTTCTCGACGG'	201
b'10X167_1:TGTCCCAGTCGGTGAA'	42
b'10X167_2:AGACACTAGAGAACCC'	52
b'10X167_2:TAACACGGTGTTACAC'	127
b'10X167_1:GCCCAGATCTCTGACC'	83
b'10X167_2:GCAGTTAAGGACAACC'	132
b'10X167_1:CTCCCAAAGGCATTTC'	164
b'10X167_2:TGTTACTCACTGTGAT'	25
b'10X167_1:TCGGGCAGTCACTACA'	18
b'10X167_2:ATGAAAGCATCCTCAC'	280
b'10X167_1:TACCGAATCTCGACGG'	122
b'10X167_1:TATTGCTTCAGGTGTT'	90
b'10X167_2:GTGTTAGCATGGGTTT'	2
b'10X167_2:ATACCGATCTGCTGAA'	153
b'10X167_1:TTGGGTACAAGAGCTG'	165
b'10X167_1:CCACAAAAGCGACTAG'	108
b'10X167_2:CATCCACAGGTCCTGC'	20
b'10X167_1:GTTACCCAGCTTCATG'	193
b'10X167_2:TCCCATGTCTTCTGTA'	39
b'10X167_2:ACGTAGTGTATACCCA'	273
b'10X167_1:AACCACAGTCGTGGAA'	83
b'10X167_1:CCTCCAACAGCTTCCT'	85
b'10X167_2:GCCGATGGTGCCCACA'	252
b'10X167_2:AATTCCTGTGGTGATG'	88
b'10X167_2:AACCTGAGTCAAATCC'	68
b'10X167_2:TGGTTAGCAGAGGTAC'	169
b'10X167_2:TTGCCTGCATATGCGT'	237
b'10X167_2:AAGACAATCTGGTCAA'	202
b'10X167_2:ATGTCTTAGCTCGCAC'	19
b'10X167_1:TGGAGGACATGAAGGC'	26
b'10X167_2:TGCAGGCAGGGAGTTC'	12
b'10X167_2:CTAACTTCAAGCAGGT'	77
b'10X167_2:GTAGTACAGCATTGAA'	2
b'10X167_2:ATCTCTAGTCTACACA'	130
b'10X167_2:TTCATTGGTACTTGTG'	202
b'10X167_2:AGATGAAGTTACCTGA'	62
b'10X167_1:CCCTAACGTAGTGATA'	7
b'10X167_1:GTTAGTGCAGGTCTCG'	119
b'10X167_1:ACCCAAATCAAGTGGG'	85
b'10X167_2:TTGTGGAAGGCATCAG'	187
b'10X167_2:TTCATTGCACTACTTT'	79
b'10X167_1:CTCCTTTGTAACACCT'	69
b'10X167_2:TTAGTCTAGGTTCTAC'	264
b'10X167_1:TTAGGCATCGTAACAC'	92
b'10X167_1:AACACACTCCCGAGGT'	295
b'10X167_2:CTCCATGTCCACTTCG'	105
b'10X167_2:CGGCAGTTCTTCTTCC'	131
b'10X167_1:TTGGGCGAGGTCGTCC'	126
b'10X167_2:CTTGATTGTCAGCGTC'	227
b'10X167_1:GAAGAATGTGTCCATA'	243
b'10X167_1:CTTTCGGTCTCCAAGA'	25
b'10X167_1:CAAAGAAGTTCCAGGC'	154
b'10X167_1:GTGTAACGTCCAGGTC'	128
b'10X167_1:GTTCATTCACAGCATT'	128
b'10X167_2:ATTCATCAGCTGTCCG'	126
b'10X167_2:GACATCACAAACTAGA'	142
b'10X167_2:CGGACACGTCAGTCCG'	12
b'10X167_1:CAACAACTCTCGAACA'	232
b'10X167_2:GTCCACTAGAAGCCAC'	168
b'10X167_2:GGAGAACGTGGCAGAT'	299
b'10X167_1:AGGTCATTCGCTAGCG'	262
b'10X167_1:TGTAACGTCTCGTGGG'	75
b'10X167_2:CGAGGCTAGATAACAC'	77
b'10X167_2:GATCAGTTCAACGCTA'	156
b'10X167_1:AGACTCAAGCACCAGA'	12
b'10X167_1:CTGTCGTAGGCTATCT'	168
b'10X167_1:TGTGATGGTACATTGC'	90
b'10X167_2:TGCGATATCATTTACC'	271
b'10X167_2:TGCAGGCAGGTTACAA'	105
b'10X167_1:CCCAACTGTTAGAAAC'	23
b'10X167_1:AGGCATTGTGAGCAGT'	2
b'10X167_1:AGCGATTCACGGCACT'	6
b'10X167_2:AATCGTGCACCCTATC'	143
b'10X167_2:AATGGCTTCCAATCCC'	23
b'10X167_2:TGCGATAGTTGTGTTG'	279
b'10X167_2:GCACGGTAGGCATTTC'	279
b'10X167_2:GCCCAGAAGGGATCTG'	190
b'10X167_1:GACTATGGTGGTCTGC'	54
b'10X167_1:TGTTGAGAGACATGCG'	55
b'10X167_2:GTAACCATCGTCCTTG'	92
b'10X167_2:CATCCCAGTTAAGGAT'	83
b'10X167_1:ACCCTCAAGCATTGAA'	53
b'10X167_2:ATTCCCGTCATACGAC'	54
b'10X167_1:GGTAGAGCAACGTATC'	297
b'10X167_1:CTCGAGGCAATTGCGT'	43
b'10X167_2:ATTACCTGTTATTCCT'	66
b'10X167_1:CACATGAGTACGGCAA'	59
b'10X167_1:GTGCAGCAGCATTTGC'	153
b'10X167_2:TCCCACATCGAGCTGC'	120
b'10X167_1:CTGTAGAAGGCCATAG'	74
b'10X167_2:CCTCACATCCATTTAC'	92
b'10X167_2:GAACACTCACCCAAGC'	201
b'10X167_1:ATGCATGAGAAGGCTC'	77
b'10X167_2:TTTATGCCAAGGTTGG'	136
b'10X167_1:AAACGAACAGAAGTGC'	124
b'10X167_1:TTGGATGCATAGGTAA'	65
b'10X167_1:GCATCGGTCATCGGGC'	16
b'10X167_1:GACGTTACAATCTGCA'	115
b'10X167_1:TCAGCCTCATCGAAGG'	68
b'10X167_1:GCACTAAGTATCACGT'	35
b'10X167_1:GCCTGTTAGCCATCCG'	141
b'10X167_2:TTCCGGTAGGCTGAAC'	240
b'10X167_2:TCCATCGTCCAATGCA'	241
b'10X167_2:CGGAACCAGGCAGGTT'	71
b'10X167_1:TCCTCCCCACAGAAGC'	8
b'10X167_2:TCAGGGCAGGTTATAG'	232
b'10X167_1:CCTCCAATCATTGGTG'	124
b'10X167_2:GTACAACCAGCACCCA'	119
b'10X167_2:CCGGTGAGTAAGATTG'	77
b'10X167_1:CAAGACTCAAACCATC'	66
b'10X167_1:ATTTACCCAACGACTT'	54
b'10X167_1:CTACCTGTCACAAGGG'	187
b'10X167_1:TGTCCACAGCTCATAC'	126
b'10X167_2:TAGACTGCATCAGCGC'	149
b'10X167_1:CCTCCAAAGCTCCCTT'	27
b'10X167_1:TCGAACAGTTAGTTCG'	17
b'10X167_2:GTAGTACAGCGATGAC'	14
b'10X167_1:GAGTGTTGTGACCTGC'	24
b'10X167_2:GTCACTCCAGTACTAC'	8
b'10X167_2:ACAGCCGCATTGACAC'	240
b'10X167_2:CGACAGCCAGACGGAT'	83
b'10X167_2:CACCAAAGTTCGTAAC'	143
b'10X167_1:TCTCAGCTCACTGTTT'	43
b'10X167_2:TACGTCCTCATGAGTC'	12
b'10X167_2:ACCACAAGTGCATACT'	26
b'10X167_2:GTTACAGAGCTGAAAT'	92
b'10X167_1:CTAGGTAGTCTCTCAC'	241
b'10X167_1:TGATGGTAGACCAACG'	15
b'10X167_2:AAACCCATCCATTGGA'	23
b'10X167_2:CTTCAATGTCAGTTTG'	175
b'10X167_2:TAGGAGGTCATCTCTA'	102
b'10X167_2:CACTGGGCATTGGGAG'	98
b'10X167_2:CGGACACTCGGTTCAA'	54
b'10X167_1:AAGTCGTAGTAGTCTC'	195
b'10X167_2:ATTACTCCAATGGGTG'	142
b'10X167_2:TTGCCTGTCCTTCTTC'	273
b'10X167_2:GTAGGTTGTCCTGTTC'	117
b'10X167_2:TTTCAGTCAAGGGCAT'	132
b'10X167_2:TTTACGTAGGATTTGA'	14
b'10X167_2:AGGGTCCAGGTAACTA'	207
b'10X167_1:TGCTCCAGTTGTCATG'	124
b'10X167_1:CTCTCAGCAGCTTCGG'	199
b'10X167_2:TTCCAATCATGACTGT'	66
b'10X167_1:ACTCTCGGTGCAGTGA'	115
b'10X167_2:TCACGCTGTATGCGTT'	254
b'10X167_2:CCAATGAGTGCAGATG'	121
b'10X167_2:AATGAAGAGGGCCAAT'	67
b'10X167_2:AACGTCAGTTACCTGA'	183
b'10X167_1:CGCATAAGTTAGGACG'	273
b'10X167_2:TGAGCATTCGGTCGGT'	197
b'10X167_1:CATTGTTTCTGCATAG'	255
b'10X167_1:GGAGATGTCCCTCAAC'	66
b'10X167_1:CACTAAGGTTGTCATG'	96
b'10X167_2:GTTAGACGTACGACTT'	168
b'10X167_2:ACCCTCAGTCATAGTC'	53
b'10X167_2:GACTCTCAGCGTGCTC'	226
b'10X167_1:TACCTGCTCTAAGAAG'	37
b'10X167_1:AGGCCACTCGGTCAGC'	71
b'10X167_2:ACACGCGGTAAGATAC'	83
b'10X167_2:CAAGCTACACGTCTCT'	97
b'10X167_2:GGCTTGGCACCCAAGC'	262
b'10X167_1:CGTGTCTGTCTGTGCG'	191
b'10X167_2:CTACCCATCTACACAG'	217
b'10X167_2:GTATTGGAGTCATGAA'	143
b'10X167_1:TAAGCGTAGCGGGTTA'	84
b'10X167_2:AGGAATACATGGGAAC'	68
b'10X167_2:TCAAGACAGGACGGAG'	22
b'10X167_1:TTGTTCAAGTTTCGGT'	217
b'10X167_1:GCTGAATGTTGGGATG'	27
b'10X167_2:AATGAAGTCCTGATAG'	182
b'10X167_2:CATTCATCAAGGTACG'	196
b'10X167_2:CACGAATTCGAGAAGC'	12
b'10X167_1:TCAGTTTTCAGGTGTT'	25
b'10X167_1:CAGCCAGAGCGTCTCG'	103
b'10X167_1:ATCTTCACATAACTCG'	108
b'10X167_1:GTCAGCGTCATAGGCT'	126
b'10X167_2:AGGGTGACATTCACCC'	64
b'10X167_1:TGCTTGCAGTATCTGC'	106
b'10X167_1:AGCCAGCCATCGATCA'	97
b'10X167_1:AAGTACCAGAGATTCA'	38
b'10X167_2:CTTCGGTTCACATACG'	284
b'10X167_1:GTCTACCTCATTCCTA'	48
b'10X167_1:GGAACCCCAACAAGTA'	275
b'10X167_1:CCAATGATCAATCCAG'	32
b'10X167_2:ACATTTCCATCGAAGG'	143
b'10X167_2:CGCGTGAAGACTGGGT'	25
b'10X167_1:AAACGAAGTCTTTCTA'	227
b'10X167_2:TCTGGCTGTGATATAG'	291
b'10X167_2:CGAGTGCTCTCCTGAC'	275
b'10X167_2:AACAACCAGCATCGAG'	44
b'10X167_1:TTACTGTTCGCAATGT'	17
b'10X167_1:ACAGGGAGTGTTAACC'	35
b'10X167_2:GCGGATCCACAACGTT'	189
b'10X167_1:AGAGAGCTCGTCACCT'	59
b'10X167_1:GCCGATGAGTGATTCC'	106
b'10X167_1:ATCGGATGTAGTTCCA'	216
b'10X167_2:AGGAATATCCCGAACG'	216
b'10X167_2:GACTCAAAGCTTCTAG'	23
b'10X167_2:CGAGTTACAGTAGTGG'	241
b'10X167_2:TCCTCGACAAATGAGT'	181
b'10X167_2:TGAGCATTCCCATTTA'	213
b'10X167_2:CTACATTGTACAGAAT'	92
b'10X167_2:AGAACAACAAATAGCA'	96
b'10X167_2:GGGCGTTAGAAACTCA'	175
b'10X167_2:GTGTGATGTCATAAAG'	100
b'10X167_1:GTTGCGGAGTGAGTTA'	96
b'10X167_2:CCGATCTAGGCCTAGA'	3
b'10X167_2:ATAGAGAAGCTTAAGA'	286
b'10X167_1:TTGGGCGCAAACTAAG'	90
b'10X167_2:TAACTTCCAAGGACAC'	244
b'10X167_2:TGCTCGTAGCCTGACC'	115
b'10X167_2:GTGACGCGTAGTGGCA'	160
b'10X167_1:GCACTAACACCCTCTA'	178
b'10X167_2:CCTTTGGAGCTGTTAC'	126
b'10X167_2:TGAGTCAGTATGCTAC'	249
b'10X167_2:CTGTACCTCATGTCAG'	240
b'10X167_1:CTAACTTGTATGAGCG'	89
b'10X167_2:AATTCCTCATGACAAA'	282
b'10X167_1:TCAGTCCTCGGACTTA'	295
b'10X167_2:CTCCCTCCAAACACCT'	290
b'10X167_1:TCATGCCAGAGAGCGG'	0
b'10X167_2:TGTAAGCGTGTTAACC'	112
b'10X167_1:CATCGTCGTCCACACG'	114
b'10X167_1:TACAACGAGCTTACGT'	200
b'10X167_1:CGTGCTTAGCACTCTA'	56
b'10X167_1:TGTTGAGTCTATCGCC'	1
b'10X167_1:TATTGGGGTGTGGACA'	173
b'10X167_2:GACTCAAGTCGTATGT'	119
b'10X167_2:AAGTCGTTCCCATACC'	151
b'10X167_1:CAACGGCTCTGGGCCA'	188
b'10X167_2:AAGATAGCAGTAGATA'	164
b'10X167_2:GGGTCTGGTCGTGGAA'	280
b'10X167_2:GTTCCGTTCTATACGG'	10
b'10X167_2:GTGGCGTTCTTCCACG'	200
b'10X167_1:CCAATTTGTTATCTGG'	96
b'10X167_1:TGGGCGTGTTATTCTC'	166
b'10X167_1:ATACCGAAGGAACGTC'	2
b'10X167_1:CAAGAGGCATCCGAGC'	10
b'10X167_1:GAGATGGGTGGTCTGC'	82
b'10X167_1:ATTATCCTCTCACCCA'	141
b'10X167_1:TCCACGTAGGTGGGTT'	143
b'10X167_1:CATGGATGTTGTTGAC'	159
b'10X167_1:CGCCAGAAGCATGATA'	180
b'10X167_1:GTCTACCAGGATGGCT'	124
b'10X167_1:CATGCGGTCATTTGCT'	295
b'10X167_2:ATGGTTGAGGCATCGA'	37
b'10X167_1:AGTACTGAGTCGCCCA'	17
b'10X167_1:ACTTATCCATTCATCT'	0
b'10X167_1:CATGAGTCAAACGTGG'	247
b'10X167_2:GTGAGTTCAACAGCCC'	276
b'10X167_1:CCTTGTGCAGAAGTGC'	185
b'10X167_1:AGAGAGCGTTAAGAAC'	232
b'10X167_2:CTAGGTAAGGAGGCAG'	66
b'10X167_2:TCATGCCAGTTCCGGC'	208
b'10X167_1:TTTCCTCGTGTTTACG'	90
b'10X167_2:GGCTTGGCATCCGGCA'	223
b'10X167_1:CTGAATGAGGTCATCT'	164
b'10X167_2:CAGCAATAGTTGAATG'	233
b'10X167_1:GCTTCACCAGACTGCC'	195
b'10X167_1:TAGTGCAGTCCACACG'	137
b'10X167_2:AACCTTTTCGTCGATA'	144
b'10X167_2:GCATTAGGTTGCTAGT'	222
b'10X167_2:CATTGTTTCCTAGCGG'	41
b'10X167_2:GGGTATTTCCGCAGTG'	71
b'10X167_1:TTCCTAACACCGGCTA'	271
b'10X167_2:TAGGAGGTCTTGAACG'	16
b'10X167_2:TCAGTCCCAGAGCTAG'	189
b'10X167_1:TTCTTGAGTATTTCGG'	201
b'10X167_1:CTACAGACATGCAGCC'	200
b'10X167_2:GGCTTGGTCCTGTTAT'	44
b'10X167_2:TTCCTCTTCAGGGATG'	200
b'10X167_2:AGGACTTAGGAAGTGA'	95
b'10X167_2:CTACATTAGGATACGC'	287
b'10X167_1:AACTTCTAGGGAGATA'	36
b'10X167_1:CACGAATCAATTGAGA'	47
b'10X167_2:GTTGTAGGTCGAACGA'	66
b'10X167_2:CAATACGGTGTTATCG'	96
b'10X167_1:GTCTAGAGTACACGTT'	34
b'10X167_1:TCGACGGAGTCAAGCG'	126
b'10X167_1:CGTTGGGGTTCACGAT'	189
b'10X167_1:CTATCCGCAGTTGTCA'	46
b'10X167_1:GCGGATCAGAAATGGG'	262
b'10X167_2:TCAGTTTCATGGATCT'	73
b'10X167_1:CACATGAAGTAAGCAT'	22
b'10X167_1:TACCTGCCAGCGTACC'	96
b'10X167_2:CTGCAGGGTGGCTTAT'	99
b'10X167_2:CCACAAATCAGACCCG'	58
b'10X167_1:GGAACCCAGTACAACA'	120
b'10X167_1:TCCTAATCATCGATAC'	70
b'10X167_2:GAAGCGACAGCTGTAT'	33
b'10X167_1:ATACCTTTCCTGTACC'	27
b'10X167_2:TACTGCCCATGGTACT'	124
b'10X167_1:TTTGGTTGTGAGGAAA'	3
b'10X167_2:TCGTGCTTCAGTGCGC'	18
b'10X167_1:TCAATCTGTCAACCTA'	217
b'10X167_1:GGGATGAGTGTCTCCT'	3
b'10X167_1:GACCTTCTCGGAATTC'	130
b'10X167_1:TCATGAGAGAGCCGTA'	186
b'10X167_2:TGTTGAGTCTACGCAA'	39
b'10X167_1:TCATCCGAGGCCACCT'	96
b'10X167_2:ACACGCGAGAGAGAAC'	48
b'10X167_1:TCGCTCACACTGCGAC'	18
b'10X167_1:AAACGCTAGACATCAA'	97
b'10X167_1:GACTCAACAAGCACCC'	23
b'10X167_1:ACGGTTAGTCTCACAA'	286
b'10X167_1:CAGGCCACAAAGGGTC'	216
b'10X167_2:GCTTGGGTCATGCCCT'	241
b'10X167_2:ATAGACCGTCATTGCA'	291
b'10X167_1:CCAAGCGTCAGAATAG'	38
b'10X167_2:TCAATTCAGTCAGAGC'	299
b'10X167_1:CCATCACTCTTCCACG'	218
b'10X167_1:TATTGGGAGGTTATAG'	88
b'10X167_2:ACGGGTCTCTCTGCCA'	18
b'10X167_1:TATGTTCGTGTTCCAA'	59
b'10X167_1:CTTCGGTCACTTCAAG'	189
b'10X167_1:CCCTTAGGTGTTGAGG'	246
b'10X167_2:CAGGCCAAGATGAAGG'	122
b'10X167_1:TTCCTTCTCCGATAGT'	37
b'10X167_1:CCACGAGAGGGTCAAC'	21
b'10X167_1:AACCCAATCGGTCGAC'	164
b'10X167_1:TGTACAGCAGACCAAG'	172
b'10X167_2:AGGTTACCACATAACC'	169
b'10X167_2:GAACTGTGTTTCGTTT'	149
b'10X167_1:ACTACGAGTCATCAGT'	271
b'10X167_2:GGAAGTGAGTAAGCAT'	35
b'10X167_2:TATTGCTGTACCACGC'	97
b'10X167_2:AGAACAAAGTTGAAGT'	12
b'10X167_2:CCTCACAGTGCCTAAT'	70
b'10X167_2:CGTGCTTCAAAGGCGT'	71
b'10X167_2:TGTGAGTTCGGAACTT'	153
b'10X167_2:CTATAGGTCCCTTGGT'	153
b'10X167_2:ATTCGTTAGACTACCT'	253
b'10X167_1:CTGTGAACAGGACGAT'	217
b'10X167_1:ACTTCGCTCTGAGGTT'	240
b'10X167_1:AATCGTGCAGTTCCAA'	297
b'10X167_1:ACGTAACCACGAGGTA'	242
b'10X167_2:CGGAGAAGTTTCCATT'	211
b'10X167_1:ACGTAGTAGAAAGTCT'	49
b'10X167_1:ACGTCCTGTTCTCTCG'	119
b'10X167_1:ACTGTGATCCATGAGT'	115
b'10X167_1:TCATCCGCACACTGGC'	252
b'10X167_1:CCATAAGGTCCATAGT'	126
b'10X167_2:CCACCATGTGCGAGTA'	65
b'10X167_2:TGCACGGTCAACACGT'	180
b'10X167_2:TTTCAGTTCTACAGGT'	145
b'10X167_1:ATGGGAGGTACCTTCC'	18
b'10X167_1:GATGTTGCATCGAAGG'	55
b'10X167_1:TTCACCGTCACTGTCC'	257
b'10X167_2:TCGTCCATCACATTGG'	291
b'10X167_1:ATTGTTCCAAGGATGC'	252
b'10X167_2:TCGTGGGAGGGATCAC'	84
b'10X167_2:ACAACCACAGGTCCCA'	70
b'10X167_1:GAAGGACAGACATCAA'	17
b'10X167_2:AACAAAGCACGTACAT'	217
b'10X167_2:TGAGGTTCACCTTCGT'	126
b'10X167_2:ATTTCTGGTTGCATTG'	88
b'10X167_2:GTTGAACCAGCGCTTG'	33
b'10X167_1:ACCTGTCCAGAGAATT'	189
b'10X167_2:TGGGTTAAGATAGCTA'	112
b'10X167_2:GAACGTTCATGGAATA'	83
b'10X167_2:TCCTCTTGTTCTCCTG'	12
b'10X167_2:TTAGGGTGTATGCGTT'	88
b'10X167_2:GCTACCTGTAAGGCCA'	261
b'10X167_2:TGAGCGCGTACGGTTT'	143
b'10X167_2:GACTGATTCGACCACG'	17
b'10X167_2:ATAGAGAGTCGGATTT'	246
b'10X167_2:TACTTGTCATCGGTTA'	115
b'10X167_1:TGCAGGCGTGACCGTC'	102
b'10X167_2:AGGGCCTTCCGAACGC'	273
b'10X167_1:CGCATAACATAGGCGA'	46
b'10X167_1:TGCTTCGCATGCCGGT'	77
b'10X167_1:TGTTCCGTCGGTGAAG'	200
b'10X167_2:TAGATCGTCGGTTCAA'	22
b'10X167_1:AAACGCTCACGACGAA'	27
b'10X167_1:ACGGTTATCAAACTGC'	124
b'10X167_1:TCGGTCTGTGGTATGG'	246
b'10X167_1:TCATGAGAGGCGCTTC'	265
b'10X167_1:TGATCTTAGGTACAGC'	13
b'10X167_1:GACTTCCGTTGAGAGC'	208
b'10X167_1:GTGATGTTCCGCGAGT'	90
b'10X167_1:GCAGCTGAGTAAGACT'	97
b'10X167_2:GTGCTGGAGGTTGCCC'	77
b'10X167_1:GTCAGCGGTACGACAG'	126
b'10X167_2:CTGTGAAGTTCTCAGA'	27
b'10X167_1:AATTTCCCAACCACGC'	123
b'10X167_2:GCGGATCGTTTGATCG'	92
b'10X167_1:CCTTTGGAGCACCCAC'	270
b'10X167_2:GTCGTAAGTAAGGTCG'	70
b'10X167_1:GGGCTCATCCTTCGAC'	90
b'10X167_2:GATTCGAGTCATATGC'	175
b'10X167_2:GCCGTGATCCGGTTCT'	219
b'10X167_2:CGCATAATCTATGCCC'	153
b'10X167_1:TTCTCTCCAGGTGTTT'	35
b'10X167_2:GTTAGACCACGAGGTA'	90
b'10X167_2:TTGTTCAAGAAGTCAT'	148
b'10X167_1:TAGGGTTAGCCTGTCG'	261
b'10X167_1:ATCCATTCACCTGCTT'	271
b'10X167_1:GATCATGTCTGCAGCG'	129
b'10X167_2:CTCCTCCAGTGTTGTC'	292
b'10X167_1:CGAGTGCTCTAGTTCT'	100
b'10X167_2:GAACTGTAGAGGCTGT'	44
b'10X167_1:TTAGTCTAGGTCTACT'	262
b'10X167_1:GGAACCCCAACAGAGC'	96
b'10X167_2:TTTCACAGTACAGCGA'	88
b'10X167_1:ACAGCCGCACCTGCAG'	10
b'10X167_1:TCCTCCCTCTAAGAAG'	162
b'10X167_2:TGAGACTCATGCGTGC'	172
b'10X167_1:TGTAACGTCCGTTTCG'	100
b'10X167_2:GTTGTGATCGAGAAAT'	212
b'10X167_2:ACCTGTCTCAAAGAAC'	124
b'10X167_2:GTCTAGAGTGTCCACG'	52
b'10X167_2:AACAGGGAGTTTGAGA'	77
b'10X167_1:AAGTGAACAGAGGCTA'	124
b'10X167_2:AGAAGCGCAAGGTCAG'	252
b'10X167_1:ACGGTCGCAATCCAGT'	126
b'10X167_2:GAGAAATCATATAGCC'	199
b'10X167_2:TCTTTGACAAACTCTG'	112
b'10X167_2:GCAACATGTGGATGAC'	41
b'10X167_2:CTACTATCAATCGCGC'	175
b'10X167_1:TGCGGGTAGATTTGCC'	3
b'10X167_1:CAACGGCAGCTAGAAT'	24
b'10X167_2:TGAGGGAGTCTTCCGT'	175
b'10X167_1:CACTGAAAGAGAACCC'	143
b'10X167_1:TCTACCGCAGAGGACT'	110
b'10X167_1:CATAGACGTGATATAG'	23
b'10X167_1:CATCGCTAGCCTCAAT'	122
b'10X167_1:GTTGAACTCCAGTACA'	27
b'10X167_2:TGGTACAGTACTAGCT'	69
b'10X167_1:TGCAGATAGTACCCTA'	189
b'10X167_1:AATTCCTGTCATCACA'	35
b'10X167_2:ACCCAAAAGTCGCCAC'	106
b'10X167_2:TCACAAGAGAGAACCC'	232
b'10X167_2:AGCGCTGCAACACGAG'	252
b'10X167_2:TTAGGGTCAGACCATT'	96
b'10X167_2:CCACCATTCGCAACAT'	175
b'10X167_2:ACTGTCCGTCTCTCCA'	138
b'10X167_1:ACTGTCCCAGTATTCG'	11
b'10X167_1:TTCTCTCAGGGTACGT'	8
b'10X167_2:TGGATGTCACATAACC'	114
b'10X167_1:GAAGCGACAGAAATCA'	217
b'10X167_1:GTTTACTCACGTAGAG'	124
b'10X167_2:GGAACCCCATGAGTAA'	271
b'10X167_1:CGAGTTACATGCAGGA'	206
b'10X167_2:TTCAATCTCTTGGAAC'	17
b'10X167_2:GTCGCGAGTAGACAAT'	77
b'10X167_1:CATCCACTCACTCCGT'	240
b'10X167_1:TACTTGTCACTCAAGT'	81
b'10X167_1:CGATGCGTCGCTCTCA'	40
b'10X167_1:CCACGTTCAGCCATTA'	39
b'10X167_2:AGACACTCACTAAACC'	135
b'10X167_2:TCATGTTGTATCGATC'	77
b'10X167_1:TGGGTTATCCGAAGGA'	63
b'10X167_1:AGAAATGTCCCTTTGG'	189
b'10X167_1:GGTGAAGAGTACAGCG'	158
b'10X167_1:AATCGACGTATGACAA'	18
b'10X167_1:GGTGTTACAATGCAAA'	42
b'10X167_2:TTGTGGATCCGTGGGT'	92
b'10X167_2:CTATCCGGTTCCGTTC'	200
b'10X167_2:GCAGTTATCCTTCTTC'	230
b'10X167_2:TGCTCGTTCTACTGAG'	248
b'10X167_2:CGGAACCGTCCTCAGG'	8
b'10X167_2:AAACCCAAGGCCATAG'	61
b'10X167_1:CAAAGAAGTGGACAGT'	48
b'10X167_1:TGGGCTGTCAAGATAG'	18
b'10X167_1:CTGCCTATCTACGCAA'	72
b'10X167_1:CATCGTCCAGGGCTTC'	253
b'10X167_2:GATTGGTGTCTGTAGT'	78
b'10X167_1:ACATCGAGTAACGATA'	232
b'10X167_2:CTATAGGTCATCAGTG'	22
b'10X167_1:GTCTAGAGTGCTCTCT'	227
b'10X167_2:TGCCGAGAGATACTGA'	85
b'10X167_1:TAACTTCAGTTGCGCC'	77
b'10X167_1:GACAGCCCAAGGGTCA'	204
